{"IcoMoonType":"selection","icons":[{"icon":{"paths":["M182.857 438.857h292.571v-109.714c0-80.571-65.714-146.286-146.286-146.286s-146.286 65.714-146.286 146.286v109.714zM658.286 493.714v329.143c0 30.286-24.571 54.857-54.857 54.857h-548.571c-30.286 0-54.857-24.571-54.857-54.857v-329.143c0-30.286 24.571-54.857 54.857-54.857h18.286v-109.714c0-140.571 115.429-256 256-256s256 115.429 256 256v109.714h18.286c30.286 0 54.857 24.571 54.857 54.857z"],"width":658.2857142857142,"attrs":[],"isMulticolor":false,"isMulticolor2":false,"tags":["lock"],"defaultCode":61475,"grid":14},"attrs":[],"properties":{"name":"lock","id":36,"order":5,"prevSize":28,"code":61475},"setIdx":0,"setId":0,"iconIdx":36},{"icon":{"paths":["M804.571 531.429v181.714c0 90.857-73.714 164.571-164.571 164.571h-475.429c-90.857 0-164.571-73.714-164.571-164.571v-475.429c0-90.857 73.714-164.571 164.571-164.571h475.429c22.857 0 45.714 4.571 66.857 14.286 5.143 2.286 9.143 7.429 10.286 13.143 1.143 6.286-0.571 12-5.143 16.571l-28 28c-3.429 3.429-8.571 5.714-13.143 5.714-1.714 0-3.429-0.571-5.143-1.143-8.571-2.286-17.143-3.429-25.714-3.429h-475.429c-50.286 0-91.429 41.143-91.429 91.429v475.429c0 50.286 41.143 91.429 91.429 91.429h475.429c50.286 0 91.429-41.143 91.429-91.429v-145.143c0-4.571 1.714-9.143 5.143-12.571l36.571-36.571c4-4 8.571-5.714 13.143-5.714 2.286 0 4.571 0.571 6.857 1.714 6.857 2.857 11.429 9.143 11.429 16.571zM936.571 252l-465.143 465.143c-18.286 18.286-46.857 18.286-65.143 0l-245.714-245.714c-18.286-18.286-18.286-46.857 0-65.143l62.857-62.857c18.286-18.286 46.857-18.286 65.143 0l150.286 150.286 369.714-369.714c18.286-18.286 46.857-18.286 65.143 0l62.857 62.857c18.286 18.286 18.286 46.857 0 65.143z"],"width":954.8799999999999,"attrs":[],"isMulticolor":false,"isMulticolor2":false,"tags":["check-square-o"],"defaultCode":61510,"grid":14},"attrs":[],"properties":{"name":"check-square-o","id":70,"order":2,"prevSize":28,"code":61510},"setIdx":0,"setId":0,"iconIdx":70},{"icon":{"paths":["M640 146.286h-475.429c-50.286 0-91.429 41.143-91.429 91.429v475.429c0 50.286 41.143 91.429 91.429 91.429h475.429c50.286 0 91.429-41.143 91.429-91.429v-475.429c0-50.286-41.143-91.429-91.429-91.429zM804.571 237.714v475.429c0 90.857-73.714 164.571-164.571 164.571h-475.429c-90.857 0-164.571-73.714-164.571-164.571v-475.429c0-90.857 73.714-164.571 164.571-164.571h475.429c90.857 0 164.571 73.714 164.571 164.571z"],"width":804.5714285714286,"attrs":[],"isMulticolor":false,"isMulticolor2":false,"tags":["square-o"],"defaultCode":61590,"grid":14},"attrs":[],"properties":{"name":"square-o","id":142,"order":3,"prevSize":28,"code":61590},"setIdx":0,"setId":0,"iconIdx":142},{"icon":{"paths":["M950.857 329.143v146.286c0 20-16.571 36.571-36.571 36.571h-36.571c-20 0-36.571-16.571-36.571-36.571v-146.286c0-80.571-65.714-146.286-146.286-146.286s-146.286 65.714-146.286 146.286v109.714h54.857c30.286 0 54.857 24.571 54.857 54.857v329.143c0 30.286-24.571 54.857-54.857 54.857h-548.571c-30.286 0-54.857-24.571-54.857-54.857v-329.143c0-30.286 24.571-54.857 54.857-54.857h384v-109.714c0-141.143 114.857-256 256-256s256 114.857 256 256z"],"width":950.8571428571428,"attrs":[],"isMulticolor":false,"isMulticolor2":false,"tags":["unlock"],"defaultCode":61596,"grid":14},"attrs":[],"properties":{"name":"unlock","id":148,"order":6,"prevSize":28,"code":61596},"setIdx":0,"setId":0,"iconIdx":148},{"icon":{"paths":["M658.286 457.143v36.571c0 10.286-8 18.286-18.286 18.286h-475.429c-10.286 0-18.286-8-18.286-18.286v-36.571c0-10.286 8-18.286 18.286-18.286h475.429c10.286 0 18.286 8 18.286 18.286zM731.429 713.143v-475.429c0-50.286-41.143-91.429-91.429-91.429h-475.429c-50.286 0-91.429 41.143-91.429 91.429v475.429c0 50.286 41.143 91.429 91.429 91.429h475.429c50.286 0 91.429-41.143 91.429-91.429zM804.571 237.714v475.429c0 90.857-73.714 164.571-164.571 164.571h-475.429c-90.857 0-164.571-73.714-164.571-164.571v-475.429c0-90.857 73.714-164.571 164.571-164.571h475.429c90.857 0 164.571 73.714 164.571 164.571z"],"width":804.5714285714286,"attrs":[],"isMulticolor":false,"isMulticolor2":false,"tags":["minus-square-o"],"defaultCode":61767,"grid":14},"attrs":[],"properties":{"name":"minus-square-o","id":293,"order":4,"prevSize":28,"code":61767},"setIdx":0,"setId":0,"iconIdx":293}],"height":1024,"metadata":{"name":"icomoon"},"preferences":{"showGlyphs":true,"showCodes":true,"showQuickUse":true,"showQuickUse2":true,"showSVGs":true,"fontPref":{"prefix":"icon-","metadata":{"fontFamily":"icomoon","majorVersion":1,"minorVersion":0},"metrics":{"emSize":1024,"baseline":6.25,"whitespace":50},"embed":false,"showSelector":true,"selector":"class","classSelector":".metajelo_icon","showMetrics":true,"showMetadata":false,"showVersion":true},"imagePref":{"prefix":"icon-","png":true,"useClassSelector":true,"color":0,"bgColor":16777215},"historySize":50}}